"""
search earliest="-24h" latest="now" (index=ti-p_platypus-mdh (sourcetype=fcnetw_appliance OR sourcetype=fcnetw_assets OR sourcetype=fcnetw_security))
| eval building=coalesce(BUILDING,BUILDING_NAME), city=coalesce(LM_CITY,CITY), device_capability=coalesce(PRIMARY_CAPABILITY_TXT,PRIMARY_CAPABILITY), device_category=coalesce(PRODUCT_CATEGORIZATION_TIER_2,PROD_CAT_TIER2), device_group=coalesce(PRODUCT_CATEGORIZATION_TIER_1,PROD_CAT_TIER1), device_tier=coalesce(PRODUCT_CATEGORIZATION_TIER_3,PROD_CAT_TIER3), host=coalesce(HOSTNAME,NAME), location=coalesce(PROPERTYCODE,LOCATION), region=coalesce(REGION,region), building=if((isnull(building) OR (building == "")),"TBD",upper(building)), city=if((isnull(city) OR (city == "")),"TBD",upper(city)), device_capability=if(((isnull(device_capability) OR (device_capability == "")) OR match(lower(device_capability),"(other|unknown|not dedicated)")),"TBD",lower(device_capability)), device_category=if((isnull(device_category) OR (device_category == "")),"TBD",lower(device_category)), device_group=if((isnull(device_group) OR (device_group == "")),"TBD",lower(device_group)), device_tier=if(((isnull(device_tier) OR (device_tier == "")) OR match(lower(device_tier),"(other|unknown|not dedicated)")),"TBD",lower(device_tier)), host=if((isnull(host) OR (host == "")),"TBD",lower(host)), location=if((isnull(location) OR (location == "")),"TBD",upper(location)), region=if((isnull(region) OR (region == "")),"TBD",upper(region)), country=if((isnull(COUNTRY) OR (COUNTRY == "")),"TBD",upper(COUNTRY)), device_item=if(((isnull(ITEM) OR (ITEM == "")) OR match(lower(ITEM),"(other|unknown|not dedicated)")),"TBD",lower(ITEM)), environment=if((isnull(SYSTEM_ENVIRONMENT) OR (SYSTEM_ENVIRONMENT == "")),"TBD",upper(SYSTEM_ENVIRONMENT)), ip_address=if((isnull(IP_ADDRESS) OR (IP_ADDRESS == "")),"TBD",upper(IP_ADDRESS)), latitude=if((isnull(MAPLATITUDE) OR (MAPLATITUDE == "")),"TBD",upper(MAPLATITUDE)), longitude=if((isnull(MAPLONGITUDE) OR (MAPLONGITUDE == "")),"TBD",upper(MAPLONGITUDE)), property=if((isnull(LM_PROPERTY_NAME) OR (LM_PROPERTY_NAME == "")),"TBD",upper(LM_PROPERTY_NAME)), serial_numer=if((isnull(SERIAL_NUMBER) OR (SERIAL_NUMBER == "")),"TBD",upper(SERIAL_NUMBER)), site=if((isnull(SITE) OR (SITE == "")),"TBD",upper(SITE)), state=if((isnull(LM_STATE) OR (LM_STATE == "")),"TBD",upper(LM_STATE)), status=if((isnull(STATUS) OR (STATUS == "")),"TBD",upper(STATUS)), vendor=if((isnull(MANUFACTURER_NAME) OR (MANUFACTURER_NAME == "")),"TBD",upper(MANUFACTURER_NAME)), vendor_product=if((isnull(MODEL_NUMBER) OR (MODEL_NUMBER == "")),"TBD",upper(MODEL_NUMBER)), version="1.0.0", entity_name=lower(host)
| rex field=host mode=sed "s/\\.[a-zA-Z].*//g"
| eval lastscantime=round(strptime(LASTSCANDATE,"%Y-%m-%d"),0)
| fields - ASSETLIFECYCLESTATUS, ASSETLIFECYCLESTATUS_TXT, BUILDING, BUILDING_NAME, CITY, COUNTRY, HOSTNAME, IP_ADDRESS, ITEM, LASTSCANDATE, LM_CITY, LM_PROPERTY_NAME, LM_STATE, LOCATION, MANUFACTURER_NAME, MAPLATITUDE, MAPLONGITUDE, MODEL_NUMBER, NAME, PRIMARY_CAPABILITY, PRIMARY_CAPABILITY_TXT, PRODUCT_CATEGORIZATION_TIER_1, PRODUCT_CATEGORIZATION_TIER_2, PRODUCT_CATEGORIZATION_TIER_3, PROD_CAT_TIER2, PROD_CAT_TIER3, PROPERTYCODE, REGION, SERIAL_NUMBER, SITE, STATUS, SYSTEM_ENVIRONMENT, index, linecount, punct, source, splunk_server, splunk_server_group
| eval country=case(in(city,"BUENOS AIRES"),"ARGENTINA",in(city,"ARTARMON","MELBOURNE","PERTH","SYDNEY"),"AUSTRALIA",in(city,"MANAMA"),"BAHRAIN",in(city,"BRUSSELS"),"BELGIUM",in(city,"BARUERI","RIO DE JANEIRO","SAO PAULO"),"BRAZIL",in(city,"BURLINGTON","CALGARY","ETOBICOKE","HAMILTON","MARKHAM","MISSISSAUGA","MONTREAL","NORTH","YORK","TORONTO","VANCOUVER"),"CANADA",in(city,"GEORGE TOWN"),"CAYMAN ISLANDS",in(city,"BECKLEY","SANTIAGO"),"CHILE",in(city,"BEIJING","GUANGZHOU","HONG KONG","KUNSHAN","SHANGHAI"),"CHINA",in(city,"BOGOTA"),"COLOMBIA",in(city,"SAN JOSE"),"COSTA RICA",in(city,"LOGNES","PARIS"),"FRANCE",in(city,"ESSEN","FRANKFURT","FRANKFURT AM MAIN"),"GERMANY",in(city,"ATHENS"),"GREECE",in(city,"BANGALORE","CHENNAI","GANDHINAGAR","GANDHINAGER","GURUGRAM","HYDERABAD","MUMBAI","NAVI","MUMBAI","NEW","DELHI","PUNE"),"INDIA",in(city,"BEKASI","JAKARTA","WURTSBORO"),"INDONESIA",in(city,"DUBLIN","LEIXLIP"),"IRELAND",in(city,"TEL AVIV"),"ISRAEL",in(city,"MILAN"),"ITALY",in(city,"CHIBA","SAITAMA","TOKYO"),"JAPAN",in(city,"ANYANG","BUSAN","SEOUL"),"KOREA (SOUTH)",in(city,"KUALA","LUMPUR","PETALING","JAYA"),"MALAYSIA",in(city,"HUIXQUILUCAN","MEXICO CITY","MONTERREY CITY","SANTIAGO","DE","QUERETARO","TLAQUEPAQUE","ZAPOPAN"),"MEXICO",in(city,"AMSTERDAM"),"NETHERLANDS",in(city,"LIMA"),"PERU",in(city,"MAKATI","QUEZON CITY","TAGUIG CITY"),"PHILIPPINES",in(city,"WROCLAW"),"POLAND",in(city,"DOHA"),"QATAR",in(city,"MOSCOW"),"RUSSIAN FEDERATION",in(city,"AR RIYADH","RIYADH"),"SAUDI ARABIA",in(city,"SINGAPORE"),"SINGAPORE",in(city,"CLAREMONT","-","CAPE","TOWN","JOHANNESBURG","JOHANNESBURG","-","SANDTON","MIDRAND","RANDBURG"),"SOUTH AFRICA",in(city,"MADRID"),"SPAIN",in(city,"STOCKHOLM"),"SWEDEN",in(city,"ZURICH"),"SWITZERLAND",in(city,"NEW","TAIPEI CITY","TAIPEI","TAOYUAN CITY"),"TAIWAN",in(city,"BANGKOK","PAKKRED"),"THAILAND",in(city,"ISTANBUL"),"TURKEY",in(city,"DUBAI"),"UNITED ARAB EMIRATES",in(city,"BASILDON","BROMLEY","CAMBERLEY","CHESTER","CROYDON","EDINBURGH","KNARESBOROUGH","LONDON","PETERBOROUGH","SLOUGH","STOCKPORT","WELWYN","GARDEN","CITY","YORK"),"UNITED KINGDOM",in(city,"ABERDEEN","ABILENE","ABINGDON","ABINGTON","ABSECON","ACCOKEEK","ACTON","ACWORTH","ADDISON","ADELANTO","ADELPHI","AFFTON","AGAWAM","AGOURA","AGOURA HILLS","AIKEN","AKRON","ALAMEDA","ALAMO","ALBANY","ALBION","ALBUQUERQUE","ALDIE","ALEXANDRIA","ALHAMBRA","ALISO VIEJO","ALLAMUCHY","ALLEN","ALLENDALE","ALLENTOWN","ALOHA","ALPHARETTA","ALTA LOMA","ALTADENA","ALTAMONTE SPRINGS","ALVIN","AMARILLO","AMERICAN CANYON","AMHERST","ANACORTES","ANAHEIM","ANCHORAGE","ANDERSON","ANDOVER","ANN ARBOR","ANNANDALE","ANNAPOLIS","ANNISTON","ANSONIA","ANTELOPE","ANTHEM","ANTIOCH","APACHE JUNCTION","APEX","APOLLO BEACH","APOPKA","APPLE VALLEY","APTOS","ARANSAS PASS","ARCADIA","ARCHDALE","ARDEN","ARLINGTON","ARLINGTON HEIGHTS","ARMONK","ARNOLD","ARROYO GRANDE","ARVADA","ARVERNE","ARVIN","ASHBURN","ASHEVILLE","ASHLAND","ASHLAND CITY","ASPEN","ASTORIA","ATASCADERO","ATHENS","ATLANTA","ATLANTIC BEACH","ATLANTIC CITY","ATLANTIS","ATTLEBORO","ATWATER","AUBURN","AUBURN HILLS","AUBURNDALE","AUGUSTA","AURORA","AUSTELL","AUSTIN","AVENEL","AVENTURA","AVON","AVON PARK","AVONDALE","AVONDALE ESTATES","AZLE","AZUSA","BAILEYS CROSSROADS","BAINBRIDGE ISLAND","BAKERSFIELD","BALA CYNWYD","BALCH SPRINGS","BALDWIN","BALDWIN PARK","BALLWIN","BALTIMORE","BANGOR","BANNER ELK","BARNSTABLE","BARRINGTON","BARSTOW","BARTLETT","BASKING RIDGE","BATAVIA","BATON ROUGE","BATTLE CREEK","BATTLE GROUND","BAY HARBOR ISLANDS","BAY SHORE","BAYONET POINT","BAYONNE","BAYSIDE","BAYTOWN","BEACH HAVEN","BEACHWOOD","BEAR","BEAUFORT","BEAUMONT","BEAVERTON","BEDFORD","BEDMINSTER","BEE CAVE","BEL AIR","BELCHERTOWN","BELFAST","BELL","BELL GARDENS","BELLAIRE","BELLE GLADE","BELLEAIR BLUFFS","BELLEVIEW","BELLEVILLE","BELLEVUE","BELLFLOWER","BELLINGHAM","BELLMEAD","BELMAR","BELMONT","BELTON","BELTSVILLE","BENBROOK","BEND","BENICIA","BENSALEM","BENTONVILLE","BERGENFIELD","BERKELEY","BERKELEY HEIGHTS","BERLIN","BERNARDSVILLE","BERWYN","BETHEL","BETHESDA","BETHLEHEM","BETHPAGE","BEVERLY","BEVERLY HILLS","BIG PINE KEY","BILLERICA","BILLINGS","BILOXI","BINGHAMTON","BIRMINGHAM","BISHOP","BIXBY","BLACKSBURG","BLOOMFIELD","BLOOMFIELD HILLS","BLOOMINGDALE","BLOOMINGTON","BLUE ASH","BLUE BELL","BLUE SPRINGS","BLUFFDALE","BLUFFTON","BLYTHEWOOD","BOCA RATON","BOERNE","BOHEMIA","BOISE","BOLINGBROOK","BOLTON","BONITA","BONITA SPRINGS","BONNEY LAKE","BONSALL","BOONE","BOONTON","BORDENTOWN","BOSTON","BOTHELL","BOULDER","BOULDER CITY","BOULDER CREEK","BOUND BROOK","BOWIE","BOWLING GREEN","BOYDTON","BOYNTON BEACH","BOZEMAN","BRADENTON","BRADLEY BEACH","BRAINTREE","BRANCHBURG","BRANDON","BRANDYWINE","BRANFORD","BRAWLEY","BREA","BREMERTON","BRENTWOOD","BREWERTON","BRICK","BRIDGEPORT","BRIDGETON","BRIDGEWATER","BRIDGEVILLE","BRIELLE","BRIGHTON","BRISBANE","BRISTOL","BRISTOW","BROADVIEW HEIGHTS","BROCKTON","BROKEN ARROW","BRONX","BRONXVILLE","BROOKFIELD","BROOKLINE","BROOKLYN","BROOKLYN CENTER","BROOKLYN PARK","BROOKSVILLE","BROOMALL","BROOMFIELD","BROWNS MILLS","BROWNSVILLE","BRUNSWICK","BRYN MAWR","BUCKEYE","BUDA","BUENA PARK","BUFFALO","BUFFALO GROVE","BUFORD","BULLHEAD CITY","BUNNELL","BURBANK","BURIEN","BURKE","BURLINGAME","BURLINGTON","BURNSVILLE","BURTONSVILLE","BUTLER","BUZZARDS BAY","BYRON"),"UNITED STATES",in(city,"CABAZON","CALABASAS","CALEXICO","CALIMESA","CALLAHAN","CALUMET CITY","CAMARILLO","CAMAS","CAMBRIA","CAMBRIDGE","CAMBY","CAMDEN","CAMERON PARK","CAMILLUS","CAMP HILL","CAMPBELL","CANAL WINCHESTER","CANBY","CANDLER","CANFIELD","CANOGA PARK","CANTON","CAPE CORAL","CAPE GIRARDEAU","CAPE MAY","CAPITOLA","CAREFREE","CARLE PLACE","CARLISLE","CARLSBAD","CARLSTADT","CARMEL","CARMEL VALLEY","CARMICHAEL","CARNATION","CAROL STREAM","CAROLINA BEACH","CARPENTERSVILLE","CARPINTERIA","CARRBORO","CARROLLTON","CARSON","CARSON CITY","CARTERET","CARTERSVILLE","CARY","CASA GRANDE","CASPER","CASSELBERRY","CASTAIC","CASTLE PINES","CASTLE ROCK","CASTRO VALLEY","CATHEDRAL CITY","CATONSVILLE","CATOOSA","CAVE CREEK","CAYCE","CEDAR GROVE","CEDAR HILL","CEDAR HILLS","CEDAR PARK","CEDAR RAPIDS","CELEBRATION","CENTENNIAL","CENTER LINE","CENTERVILLE","CENTRAL FALLS","CENTRAL ISLIP","CENTRALIA","CENTREVILLE","CENTURY CITY","CERES","CERRITOS","CHAGRIN FALLS","CHAMBERSBURG","CHAMBLEE","CHAMPAIGN","CHAMPLIN","CHANDLER","CHANTILLY","CHAPEL HILL","CHAPIN","CHAPPAQUA","CHARLESTON","CHARLESTOWN","CHARLOTTE","CHARLOTTESVILLE","CHATHAM","CHATSWORTH","CHATTANOOGA","CHEEKTOWAGA","CHELMSFORD","CHELSEA","CHELTENHAM","CHENEY","CHERRY HILL","CHESAPEAKE","CHESHIRE","CHESTER","CHESTERFIELD","CHESTNUT HILL","CHEVERLY","CHEVY CHASE","CHICAGO","CHICAGO RIDGE","CHICO","CHICOPEE","CHINO","CHINO HILLS","CHULA VISTA","CICERO","CINCINNATI","CINNAMINSON","CIKARANG BARAT","CITRUS HEIGHTS","CITY OF INDUSTRY","CLACKAMAS","CLAREMONT - CAPE TOWN","CLARK","CLARKSTON","CLARKSVILLE","CLAYTON","CLEARWATER","CLEBURNE","CLEMENTON","CLEMMONS","CLEMSON","CLERMONT","CLEVELAND","CLEVELAND HEIGHTS","CLIFTON","CLIFTON PARK","CLINTON","CLINTON TOWNSHIP","CLOSTER","CLOVIS","COACHELLA","COCOA","COCOA BEACH","COCONUT CREEK","COCONUT GROVE","COEUR D ALENE","COHASSET","COLCHESTER","COLFAX","COLLEGE PARK","COLLEGE POINT","COLLEGE STATION","COLLEYVILLE","COLLIERVILLE","COLLINGSWOOD","COLLINSVILLE","COLMAR MANOR","COLONIA","COLONIAL HEIGHTS","COLORADO SPRINGS","COLTON","COLUMBIA","COLUMBUS","COMMACK","COMMERCE CITY","COMMERCE TWP","COMPTON","COMSTOCK PARK","CONCORD","CONROE","CONSHOHOCKEN","CONVERSE","CONWAY","CONYERS","COOPER CITY","COPIAGUE","COPPELL","COPPERAS COVE","CORAL GABLES","CORAL SPRINGS","CORDOVA","CORNELIUS","CORNING","CORNWALL","CORONA","CORONA DEL MAR","CORONADO","CORPUS CHRISTI","CORTE MADERA","CORVALLIS","COS COB","COSTA MESA","COTTAGE GROVE","COTTONWOOD","COTTONWOOD HEIGHTS","COUNTRY CLUB HILLS","COVENTRY","COVINA","COVINGTON","CRANBERRY TOWNSHIP","CRANFORD","CRANSTON","CRESTVIEW","CRESTWOOD","CROFTON","CROMWELL","CROTON ON HUDSON","CROWLEY","CROYDON","CROZET","CRYSTAL","CRYSTAL LAKE","CRYSTAL RIVER","CULVER CITY","CUMBERLAND","CUMMING","CUPERTINO","CYPRESS","DACULA","DADE CITY","DALE CITY","DALLAS"),"UNITED STATES",in(city,"DALTON","DALY CITY","DANA POINT","DANBURY","DANIA BEACH","DANIEL ISLAND","DANIELSON","DANVERS","DANVILLE","DARIEN","DARTMOUTH","DAVENPORT","DAVIDSON","DAVIE","DAVIS","DAWSONVILLE","DAYTON","DAYTONA BEACH","DAYTONA BEACH SHORES","DEARBORN","DEARBORN HEIGHTS","DECATUR","DEDHAM","DEER PARK","DEERFIELD BEACH","DEL MAR","DELAND","DELANO","DELMAR","DELRAN","DELRAY BEACH","DELTONA","DEMAREST","DENISON","DENNIS","DENTON","DENVER","DENVILLE","DEPEW","DERBY","DERRY","DERWOOD","DES MOINES","DES PLAINES","DESERT HOT SPRINGS","DESOTO","DESTIN","DETROIT","DIAMOND BAR","DICKINSON","DINUBA","DISTRICT HEIGHTS","DIX HILLS","DIXON","DORAL","DORCHESTER","DOTHAN","DOUGLASTON","DOUGLASVILLE","DOVER","DOWNEY","DOYLESTOWN","DRACUT","DRAPER","DREXEL HILL","DUARTE","DUBLIN","DULLES","DULUTH","DUMFRIES","DUMONT","DUNCAN","DUNCANVILLE","DUNDALK","DUNEDIN","DUNELLEN","DUNKIRK","DUNNELLON","DUNWOODY","DURHAM","DUVALL","DUXBURY","DYESS AFB","EAGAN","EASLEY","EAST AURORA","EAST BRUNSWICK","EAST DOUGLAS","EAST FALMOUTH","EAST GREENWICH","EAST HAMPSTEAD","EAST HAMPTON","EAST HANOVER","EAST HARTFORD","EAST HAVEN","EAST ISLIP","EAST LANSING","EAST LONGMEADOW","EAST MEADOW","EAST NORRITON","EAST NORTHPORT","EAST ORANGE","EAST PALO ALTO","EAST PROVIDENCE","EAST SETAUKET","EAST WINDSOR","EASTHAMPTON","EASTON","EASTPOINTE","EASTVALE","EATONTOWN","EAU CLAIRE","EDEN PRAIRIE","EDGARTOWN","EDGEWATER","EDGEWOOD","EDINA","EDINBURG","EDISON","EDMOND","EDMONDS","EDWARDSVILLE","EGG HARBOR CITY","EGG HARBOR TOWNSHIP","EL CAJON","EL CENTRO","EL CERRITO","EL DORADO HILLS","EL MONTE","EL PASO","EL SEGUNDO","EL SOBRANTE","ELDERSBURG","ELGIN","ELIZABETH","ELK GROVE","ELK GROVE VILLAGE","ELKRIDGE","ELLENTON","ELLENVILLE","ELLENWOOD","ELLICOTT CITY","ELLISVILLE","ELMA","ELMHURST","ELMONT","ELMWOOD PARK","ELON","EMERYVILLE","ENCINITAS","ENCINO","ENFIELD","ENGLEWOOD","ENGLISHTOWN","ENNIS","ENUMCLAW","EPPING","ERIE","ESCONDIDO","ESSEX","ESTERO","EUCLID","EUGENE","EULESS","EUREKA","EUSTIS","EVANS","EVANSTON","EVANSVILLE","EVERETT","EXCELSIOR SPRINGS","EXETER","EXTON","ZANESVILLE","ZEPHYRHILLS","ZIONSVILLE","YAKIMA","YARDLEY","YARMOUTH","YARMOUTH PORT","YONKERS","YORBA LINDA","YORK","YORKTOWN HEIGHTS","YPSILANTI","YUBA CITY","YUCAIPA","YUCCA VALLEY","YUKON"),"UNITED STATES",in(city,"FAIR LAWN","FAIRFAX","FAIRFIELD","FAIRFIELD TOWNSHIP","FAIRHAVEN","FAIRHOPE","FAIRLESS HILLS","FAIRPORT","FAIRVIEW","FAIRVIEW HEIGHTS","FALL RIVER","FALLBROOK","FALLS CHURCH","FALMOUTH","FAR ROCKAWAY","FARGO","FARMINGDALE","FARMINGTON","FARMINGTON HILLS","FAYETTEVILLE","FEASTERVILLE TREVOSE","FEDERAL HEIGHTS","FEDERAL WAY","FELTON","FENTON","FERNANDINA BEACH","FESTUS","FILLMORE","FINDLAY","FINKSBURG","FISHERS","FITCHBURG","FLAGLER BEACH","FLAGSTAFF","FLANDERS","FLAT ROCK","FLEMINGTON","FLORENCE","FLORHAM PARK","FLORISSANT","FLOWER MOUND","FLUSHING","FOLSOM","FONTANA","FOOTHILL RANCH","FOREST GROVE","FOREST HILL","FOREST HILLS","FOREST PARK","FORESTVILLE","FORKED RIVER","FORNEY","FORT BRAGG","FORT CAMPBELL","FORT COLLINS","FORT EUSTIS","FORT LAUDERDALE","FORT LEE","FORT MILL","FORT MOHAVE","FORT MYERS","FORT PIERCE","FORT SMITH","FORT WALTON BEACH","FORT WAYNE","FORT WORTH","FOSTER CITY","FOUNTAIN HILLS","FOUNTAIN VALLEY","FOWLER","FOX LAKE","FOXBOROUGH","FRAMINGHAM","FRANKFORT","FRANKLIN","FRANKLIN PARK","FRASER","FREDERICK","FREDERICKSBURG","FREEHOLD","FREEPORT","FREMONT","FRESNO","FRIENDSWOOD","FRISCO","FRONTENAC","FULLERTON","FUQUAY VARINA","GADSDEN","GAFFNEY","GAINESVILLE","GAITHERSBURG","GALLATIN","GALLUP","GALT","GALVESTON","GAMBRILLS","GARDEN CITY","GARDEN GROVE","GARDENA","GARDNER","GARDNERVILLE","GARLAND","GARNER","GASTONIA","GENEVA","GEORGETOWN","GERMANTOWN","GETZVILLE","GIG HARBOR","GILBERT","GILROY","GLASTONBURY","GLEN ALLEN","GLEN BURNIE","GLEN CARBON","GLEN COVE","GLEN ELLYN","GLEN MILLS","GLEN RIDGE","GLEN ROCK","GLENDALE","GLENDALE HEIGHTS","GLENDORA","GLENMONT","GLENSHAW","GLENSIDE","GLENVIEW","GLOUCESTER","GLOUCESTER CITY","GOFFSTOWN","GOLD RIVER","GOLDEN","GOLDENS BRIDGE","GOLETA","GOODLETTSVILLE","GOODYEAR","GOOSE CREEK","GOSHEN","GRAFTON","GRAHAM","GRANADA HILLS","GRANBY","GRAND BLANC","GRAND JUNCTION","GRAND PRAIRIE","GRAND RAPIDS","GRAND TERRACE","GRANDVIEW","GRANDVILLE","GRANITE BAY","GRANITE CITY","GRAPEVINE","GRASS VALLEY","GRAYSLAKE","GRAYSON","GREAT FALLS","GREAT NECK","GREELEY","GREEN BAY","GREEN VALLEY","GREENBELT","GREENBRAE","GREENBRIER","GREENFIELD","GREENLAWN","GREENSBORO","GREENSBURG","GREENVILLE","GREENWICH","GREENWOOD","GREENWOOD VILLAGE","GREER","GRESHAM","GREYSTANES","GRIDLEY","GRIFFIN","GROSSE POINTE","GROSSE POINTE PARK","GROSSE POINTE WOODS","GROTON","GROVE CITY","GROVEPORT","GROVER BEACH","GUAYNABO","GUERNEVILLE","GUILFORD","GULF BREEZE","GULFPORT","GUSTINE","GUTTENBERG","GWYNN OAK","HACIENDA HEIGHTS","HACKENSACK","HACKETTSTOWN","HADDONFIELD","HADLEY","HAGATNA","HAGERSTOWN","HAINES CITY","HALF MOON BAY","HALFMOON","HALLANDALE BEACH","HAMBURG","HAMDEN","HAMILTON TOWNSHIP","HAMMONTON","HAMPDEN","HAMPTON","HANFORD","HANOVER","HANOVER PARK","HAPPY VALLEY","HARBOR CITY","HARKER HEIGHTS","HARLINGEN","HARRISBURG","HARRISON","HARRISONBURG","HARTFORD","HARWICH PORT","HASBROUCK HEIGHTS","HATFIELD","HAUPPAUGE","HAVERHILL","HAWAIIAN GARDENS","HAWTHORNE","HAYMARKET","HAYWARD","HAZEL PARK","HAZELWOOD","HAZLET","HEALDSBURG","HEATHROW","HEBRON","HEMET","HEMPSTEAD","HENDERSON","HENDERSONVILLE","HERCULES","HERMITAGE","HERMOSA BEACH","HERNDON","HESPERIA","HEWLETT","HIALEAH","HIALEAH GARDENS","HICKORY","HICKORY CREEK","HICKORY HILLS","HICKSVILLE","HIGH POINT","HIGHLAND","HIGHLAND PARK","HIGHLANDS","HIGHLANDS RANCH","HILLCREST HEIGHTS","HILLIARD","HILLSBORO","HILLSBOROUGH","HILLSDALE","HILO","HILTON HEAD ISLAND","HINGHAM","HINSDALE","HIRAM","HIXSON","HO HO KUS","HOBBS","HOBE SOUND","HOBOKEN","HOFFMAN ESTATES","HOLBROOK","HOLDEN","HOLLIS","HOLLISTER","HOLLISTON","HOLLY SPRINGS","HOLLYWOOD","HOLMDEL","HOLYOKE","HOMER GLEN","HOMESTEAD","HOMEWOOD","HOMOSASSA","HONOLULU","HOOKSETT","HOPEWELL","HOPKINS","HOPKINTON","HORSHAM","HOT SPRINGS NATIONAL PARK","HOUSTON","HOWARD BEACH","HOWELL","HUDSON","HUMBLE","HUNT VALLEY","HUNTERSVILLE","HUNTINGTON","HUNTINGTON BEACH","HUNTINGTON PARK","HUNTINGTON STATION","HUNTSVILLE","HURST","HUTCHINS","HUTTO","HYANNIS","HYATTSVILLE","IDAHO FALLS","IDYLLWILD","IJAMSVILLE","IMMOKALEE","IMPERIAL BEACH","INCLINE VILLAGE","INDEPENDENCE","INDIALANTIC","INDIAN HARBOUR BEACH","INDIAN LAND","INDIAN TRAIL","INDIAN WELLS","INDIANA","INDIANAPOLIS","INDIO","INGLEWOOD","INMAN","INVERNESS","IRMO","IRVINE","IRVING","IRVINGTON","IRWIN","ISELIN","ISLIP","ISSAQUAH","ITASCA","ITHACA","JACKSON","JACKSON HEIGHTS","JACKSONVILLE","JACKSONVILLE BEACH","JAMAICA","JAMAICA PLAIN","JAMESTOWN","JENISON","JENKINTOWN","JENSEN BEACH","JERICHO","JERSEY CITY","JESSUP","JESUP","JOHANNESBURG - SANDTON","JOHNS CREEK","JOHNS ISLAND","JOHNSON CITY","JOHNSTON","JOLIET","JONESBORO","JOPPATOWNE","JUNCTION CITY","JUNEAU","JUPITER","KAILUA KONA","KALAMAZOO","KALISPELL","KANNAPOLIS","KANSAS CITY","KATONAH","KATY","KEAMS CANYON","KEARNY","KEENE","KEIZER","KELLER","KELSO","KEMAH","KENMORE","KENNESAW","KENNETT SQUARE","KENNEWICK","KENT","KERMAN","KERNERSVILLE","KERNVILLE","KERRVILLE","KEW GARDENS","KEY BISCAYNE","KEY LARGO","KEY WEST","KEYPORT","KILLEEN","KILLINGWORTH","KING OF PRUSSIA","KINGMAN","KINGSBURG","KINGSLAND","KINGSPORT","KINGSTON","KINGWOOD","KIRKLAND","KISSIMMEE","KITTERY","KNIGHTDALE","KNOXVILLE","KUALA LUMPUR","KYLE","LA CANADA FLINTRIDGE","LA CRESCENTA","LA GRANGE","LA HABRA","LA JOLLA","LA MESA","LA MIRADA","LA PALMA","LA PLATA","LA PORTE","LA PUENTE","LA QUINTA","LA VERGNE","LA VERNE","LACEY","LACKLAND AFB","LADERA RANCH","LADY LAKE","LAFAYETTE","LAGO VISTA","LAGRANGE","LAGUNA BEACH","LAGUNA HILLS","LAGUNA NIGUEL","LAHASKA","LAKE ARROWHEAD","LAKE CHARLES","LAKE ELSINORE","LAKE FOREST","LAKE GROVE","LAKE HAVASU CITY","LAKE HOPATCONG","LAKE IN THE HILLS","LAKE ISABELLA","LAKE JACKSON","LAKE MARY","LAKE ORION","LAKE OSWEGO","LAKE PARK","LAKE PLACID","LAKE SAINT LOUIS","LAKE STEVENS","LAKE WALES","LAKE WORTH","LAKE WYLIE","LAKE ZURICH","LAKELAND","LAKEPORT","LAKESIDE","LAKESIDE PARK","LAKEVILLE","LAKEWAY","LAKEWOOD","LAKEWOOD RANCH","LAMBERTVILLE","LANCASTER","LAND O LAKES","LANDOVER","LANGHORNE","LANHAM","LANSDALE","LANSING","LANTANA","LARCHMONT","LAREDO","LARGO","LAS CRUCES","LAS VEGAS","LATHAM","LATHROP","LAUDERDALE LAKES","LAUDERHILL","LAUGHLIN","LAUREL","LAUREL SPRINGS","LAVEEN","LAWNDALE","LAWRENCE","LAWRENCEVILLE","LAWTON","LAYTON","LEAGUE CITY","LEANDER","LEAWOOD","LEBANON","LEES SUMMIT","LEESBURG","LEHI","LEHIGH ACRES","LELAND","LEMON GROVE","LEMOORE","LENEXA","LENOIR","LEOMINSTER","LEONARDTOWN","LEONIA","LEVITTOWN","LEWIS CENTER","LEWISTON","LEWISVILLE","LEXINGTON","LEXINGTON PARK","LIBERTY","LIBERTY LAKE","LIBERTY TOWNSHIP","LIGHTHOUSE POINT","LILBURN","LINCOLN","LINCOLN PARK","LINCOLNSHIRE","LINCOLNTON","LINCROFT","LINDEN","LINDSAY","LINTHICUM","LISLE","LITCHFIELD PARK","LITHIA","LITHIA SPRINGS","LITHONIA","LITTLE EGG HARBOR","LITTLE RIVER","LITTLE ROCK","LITTLEROCK","LITTLETON","LIVERMORE","LIVERPOOL","LIVINGSTON","LIVONIA","LOCKPORT","LODI","LOGAN","LOGANVILLE","LOMA LINDA","LOMBARD","LOMITA","LOMPOC","LONDONDERRY","LONE TREE","LONG BEACH","LONG BRANCH","LONG ISLAND CITY","LONGBOAT KEY","LONGMEADOW","LONGMONT","LONGVIEW","LONGWOOD","LONOKE","LOOMIS","LORTON","LOS ALAMITOS","LOS ALTOS","LOS ANGELES","LOS BANOS","LOS GATOS","LOS LUNAS","LOS OSOS","LOUDONVILLE","LOUISA","LOUISVILLE","LOVELAND","LOWELL","LUBBOCK","LUCAS","LUDLOW","LUFKIN","LUGOFF","LUMBERTON","LUSBY","LUTHERVILLE","LUTZ","LYNBROOK","LYNCHBURG","LYNDEN","LYNDHURST","LYNN","LYNNFIELD","LYNNWOOD","LYNWOOD","MABLETON","MACOMB","MACON","MADEIRA BEACH","MADERA","MADISON","MADISON HEIGHTS","MAGNOLIA","MAHWAH","MAINEVILLE","MAITLAND","MALDEN","MALIBU","MALVERNE","MAMARONECK","MAMMOTH LAKES","MANAHAWKIN","MANASQUAN","MANASSAS","MANCHESTER","MANCHESTER CENTER","MANDEVILLE","MANHASSET","MANHATTAN","MANHATTAN BEACH","MANLIUS","MANSFIELD","MANTECA","MANTUA","MANVEL","MANVILLE","MAPLE GROVE","MAPLE VALLEY","MAPLEWOOD","MARANA","MARATHON","MARBLE FALLS","MARBLEHEAD","MARCO ISLAND","MARGATE","MARGATE CITY","MARICOPA","MARIETTA","MARINA","MARINA DEL REY","MARINE CITY","MARION","MARLBORO","MARLBOROUGH","MARLTON","MARSHFIELD","MARSTONS MILLS","MARTINEZ","MARYSVILLE","MASHPEE","MASON","MASON CITY","MASPETH","MASSAPEQUA","MASSAPEQUA PARK","MATAWAN","MATHEWS","MATTAPOISETT","MATTESON","MATTHEWS","MAULDIN","MAYS LANDING","MCALLEN","MCDONOUGH","MCHENRY","MCKINNEY","MCLEAN","MCMINNVILLE","MCMURRAY","MECHANICSVILLE","MEDFIELD","MEDFORD","MEDFORD LAKES","MEDIA","MEDLEY","MEDWAY","MELROSE","MELROSE PARK","MELVILLE","MEMPHIS","MENIFEE","MENLO PARK","MENTOR","MEQUON","MERCED","MERCER ISLAND","MERCERVILLE","MERCHANTVILLE","MERIDEN","MERIDIAN","MERRICK","MERRILLVILLE","MERRIMAC","MERRIMACK","MERRITT ISLAND","MESA","MESQUITE","METHUEN","MIAMI","MIAMI BEACH","MIAMI GARDENS","MIAMI LAKES","MIAMI SHORES","MIAMISBURG","MIDDLE ISLAND","MIDDLE RIVER","MIDDLEBURG HEIGHTS","MIDDLESEX","MIDDLETON","MIDDLETOWN","MIDLAND","MIDLOTHIAN","MILFORD","MILL CREEK","MILL VALLEY","MILLBRAE","MILLBURY","MILLERSVILLE","MILLTOWN","MILLVILLE","MILPITAS","MILTON","MILWAUKEE","MILWAUKIE","MINDEN","MINEOLA","MINNEAPOLIS","MINNETONKA","MIRA LOMA","MIRAMAR","MISSION","MISSION HILLS","MISSION VIEJO","MISSOULA","MISSOURI CITY","MITCHELLVILLE","MOBILE","MODESTO","MONCKS CORNER","MONETA","MONROE","MONROE TOWNSHIP","MONROVIA","MONTCLAIR","MONTEBELLO","MONTEREY","MONTEREY PARK","MONTGOMERY","MONTROSE","MONTVALE","MONTVILLE","MOORE","MOORESVILLE","MOORPARK","MORAGA","MORENO VALLEY","MORGAN HILL","MORGANTON","MORGANTOWN","MORRISTOWN","MORRISVILLE","MORRO BAY","MORROW","MORTON GROVE","MOUNT AIRY","MOUNT ARLINGTON","MOUNT DORA","MOUNT HOLLY","MOUNT JULIET","MOUNT KISCO","MOUNT LAUREL","MOUNT OLIVE","MOUNT PLEASANT","MOUNT PROSPECT","MOUNT VERNON","MOUNTAIN VIEW","MOUNTAINSIDE","MOUNTLAKE TERRACE","MUKILTEO","MULBERRY","MUMBAI MAHARASHTRA","MUNDELEIN","MURFREESBORO","MURPHY","MURRELLS INLET","MURRIETA","MUSKEGON","MYRTLE BEACH","MYSTIC","NANTUCKET","NAPA","NAPERVILLE","NAPLES","NARRAGANSETT","NASHUA","NASHVILLE","NATICK","NATIONAL CITY","NAUGATUCK","NAVI MUMBAI","NEDERLAND","NEEDHAM","NEPTUNE","NEPTUNE BEACH","NESCONSET","NEW BEDFORD","NEW BERN","NEW BRAUNFELS","NEW BRITAIN","NEW BRUNSWICK","NEW CANAAN","NEW CANEY","NEW CASTLE","NEW DELHI","NEW EGYPT","NEW FAIRFIELD","NEW HAVEN","NEW HYDE PARK","NEW LENOX","NEW LONDON","NEW MILFORD","NEW ORLEANS","NEW PALTZ","NEW PORT RICHEY","NEW PROVIDENCE","NEW ROCHELLE","NEW SMYRNA BEACH","NEW TAIPEI CITY","NEW YORK","NEWARK","NEWBERG","NEWBURGH","NEWBURY PARK","NEWBURYPORT","NEWCASTLE","NEWHALL","NEWINGTON","NEWNAN","NEWPORT","NEWPORT BEACH","NEWPORT NEWS","NEWTON","NEWTONVILLE","NEWTOWN","NIAGARA FALLS","NIANTIC","NICEVILLE","NICHOLASVILLE","NILES","NOBLESVILLE","NOKOMIS","NORCO","NORCROSS","NORFOLK","NORMAN","NORRIDGE","NORTH ANDOVER","NORTH ARLINGTON","NORTH ATTLEBORO","NORTH AUGUSTA","NORTH BEND","NORTH BERGEN","NORTH BRUNSWICK","NORTH CAPE MAY","NORTH CHARLESTON","NORTH DARTMOUTH","NORTH EASTON","NORTH FORT MYERS","NORTH HAVEN","NORTH HIGHLANDS","NORTH HILLS","NORTH HOLLYWOOD","NORTH KANSAS CITY","NORTH KINGSTOWN","NORTH LAS VEGAS","NORTH LITTLE ROCK","NORTH MIAMI","NORTH MIAMI BEACH","NORTH MYRTLE BEACH","NORTH PALM BEACH","NORTH PLAINFIELD","NORTH PORT","NORTH PROVIDENCE","NORTH READING","NORTH RICHLAND HILLS","NORTH RIDGEVILLE","NORTH SMITHFIELD","NORTH TONAWANDA","NORTH WALES","NORTH WILDWOOD","NORTH WINDHAM","NORTH YORK","NORTHAMPTON","NORTHBOROUGH","NORTHBROOK","NORTHFIELD","NORTHPORT","NORTHRIDGE","NORTHVILLE","NORTON","NORWALK","NORWICH","NORWOOD","NOTRE DAME","NOTTINGHAM","NOVATO","NOVI","O FALLON","OAK BROOK","OAK CREEK","OAK HARBOR","OAK LAWN","OAK PARK","OAK PARK HEIGHTS","OAK RIDGE","OAKDALE","OAKHURST","OAKLAND","OAKLAND GARDENS","OAKLAND PARK","OAKLEY","OAKMONT","OAKTON","OAKWOOD","OCALA","OCEAN","OCEAN CITY","OCEANSIDE","OCOEE","ODENTON","ODESSA","OGDEN","OGUNQUIT","OJAI","OKEECHOBEE","OKEMOS","OKLAHOMA CITY","OLATHE","OLD BRIDGE","OLD GREENWICH","OLD LYME","OLD SAYBROOK","OLD TAPPAN","OLDSMAR","OLIVETTE","OLNEY","OLYMPIA","OLYMPIA FIELDS","OMAHA","ONTARIO","OPA LOCKA","ORADELL","ORANGE","ORANGE CITY","ORANGE PARK","ORANGEBURG","ORANGEVALE","ORCHARD PARK","OREGON CITY","ORINDA","ORLAND PARK","ORLANDO","ORLEANS","ORMOND BEACH","ORO VALLEY","OROVILLE","OSWEGO","OVERLAND PARK","OVIEDO","OWASSO","OWINGS MILLS","OXFORD","OXNARD","OXON HILL","OYSTER BAY","PACE","PACIFIC GROVE","PACIFIC PALISADES","PACIFICA","PAHRUMP","PALATINE","PALATKA","PALM BAY","PALM BEACH","PALM BEACH GARDENS","PALM CITY","PALM COAST","PALM DESERT","PALM HARBOR","PALM SPRINGS","PALMDALE","PALMER","PALMETTO","PALO ALTO","PALOS HEIGHTS","PALOS HILLS","PALOS VERDES ESTATES","PANAMA CITY","PANORAMA CITY","PAOLI","PARADISE","PARAMOUNT","PARAMUS","PARK RIDGE","PARKER","PARKVILLE","PARMA","PARSIPPANY","PASADENA","PASCO","PASCOAG","PASO ROBLES","PATCHOGUE","PATERSON","PAWLEYS ISLAND","PAWTUCKET","PEABODY","PEACHTREE CITY","PEARLAND","PELHAM","PEMBROKE","PEMBROKE PINES","PENDLETON","PENNINGTON","PENNSAUKEN","PENSACOLA","PEORIA","PEPPER PIKE","PERRINE","PERRIS","PERRY","PERRYSBURG","PERTH AMBOY","PETALING JAYA","PETALUMA","PETERSBURG","PFLUGERVILLE","PHARR","PHILADELPHIA","PHILLIPSBURG","PHOENIX","PHOENIXVILLE","PICKENS","PICO RIVERA","PIEDMONT","PIKESVILLE","PIKEVILLE","PINE BLUFF","PINE BROOK","PINECREST","PINEHURST","PINELLAS PARK","PINEVILLE","PINOLE","PISCATAWAY","PITTSBURG","PITTSBURGH","PITTSFORD","PITTSTON","PLACENTIA","PLACERVILLE","PLAINFIELD","PLAINSBORO","PLAINVIEW","PLAINVILLE","PLAISTOW","PLANO","PLANT CITY","PLANTATION","PLAYA VISTA","PLEASANT HILL","PLEASANTON","PLUCKEMIN","PLYMOUTH","POINT PLEASANT BEACH","POINT PLEASANT BORO","POMONA","POMPANO BEACH","PONTE VEDRA BEACH","PONTIAC","POOLER","PORT CHARLOTTE","PORT CHESTER","PORT HUENEME","PORT HURON","PORT JEFFERSON STATION","PORT JERVIS","PORT ORANGE","PORT ORCHARD","PORT RICHEY","PORT SAINT LUCIE","PORT WASHINGTON","PORTAGE","PORTER","PORTERVILLE","PORTLAND","PORTSMOUTH","POST FALLS","POTOMAC","POUGHKEEPSIE","POULSBO","POWAY","POWELL","PRAIRIE VILLAGE","PRESCOTT","PRESCOTT VALLEY","PRINCE FREDERICK","PRINCETON","PRINCETON JUNCTION","PROSPECT","PROSPER","PROVIDENCE","PROVINCETOWN","PROVO","PUNTA GORDA","PURCELLVILLE","PUTNAM","PUYALLUP","QUAKERTOWN","QUEEN CREEK","QUIL CEDA VILLAGE","QUINCY","RADNOR","RAHWAY","RALEIGH","RAMONA","RAMSEY","RANCHO CORDOVA","RANCHO CUCAMONGA","RANCHO MIRAGE","RANCHO MISSION VIEJO","RANCHO SANTA FE","RANCHO SANTA MARGARITA","RANDALLSTOWN","RANDOLPH","RAYNHAM","RAYTOWN","READING","RED BANK","RED BLUFF","REDDING","REDFORD","REDLANDS","REDMOND","REDONDO BEACH","REDWOOD CITY","REEDLEY","REHOBOTH BEACH","REIDSVILLE","REISTERSTOWN","RENO","RENTON","RESEDA","RESTON","REVERE","REYNOLDSBURG","RIALTO","RICHARDSON","RICHBORO","RICHFIELD","RICHLAND","RICHMOND","RICHMOND HEIGHTS","RICHMOND HILL","RIDGECREST","RIDGEFIELD","RIDGEFIELD PARK","RIDGELAND","RIDGEWOOD","RINCON","RIO GRANDE","RIO LINDA","RIO RANCHO","RIVERBANK","RIVERDALE","RIVERHEAD","RIVERSIDE","RIVERTON","RIVERVIEW","RIVIERA BEACH","ROANOKE","ROCHESTER","ROCHESTER HILLS","ROCK HILL","ROCKAWAY","ROCKAWAY PARK","ROCKFORD","ROCKLAND","ROCKLEDGE","ROCKLIN","ROCKVILLE","ROCKVILLE CENTRE","ROCKWALL","ROCKY HILL","ROCKY RIVER","ROGERS","ROHNERT PARK","ROLLA","ROLLING HILLS ESTATES","ROLLING MEADOWS","ROME","ROMEOVILLE","ROSEDALE","ROSELAND","ROSELLE","ROSEMEAD","ROSENBERG","ROSEVILLE","ROSLINDALE","ROSLYN HEIGHTS","ROSWELL","ROUND ROCK","ROWLAND HEIGHTS","ROWLETT","ROWLEY","ROYAL OAK","ROYAL PALM BEACH","ROYERSFORD","RUCKERSVILLE","RUMSON","RUTHERFORD","SACHSE","SACO","SACRAMENTO","SADDLE RIVER","SAGINAW","SAINT ALBANS","SAINT AUGUSTINE","SAINT CHARLES","SAINT CLAIR SHORES","SAINT CLOUD","SAINT GEORGE","SAINT HELENA","SAINT JOHNS","SAINT LOUIS","SAINT LOUIS PARK","SAINT MARYS","SAINT PAUL","SAINT PETE BEACH","SAINT PETERS","SAINT PETERSBURG","SAINT SIMONS ISLAND","SALEM","SALINA","SALINAS","SALINE","SALISBURY","SALT LAKE CITY","SAMMAMISH","SAN ANGELO","SAN ANSELMO","SAN ANTONIO","SAN BERNARDINO","SAN BRUNO","SAN CARLOS","SAN CLEMENTE","SAN DIEGO","SAN DIMAS","SAN FERNANDO","SAN FRANCISCO","SAN GABRIEL","SAN JACINTO","SAN JUAN","SAN JUAN CAPISTRANO","SAN LEANDRO","SAN LUIS OBISPO","SAN MARCOS","SAN MARINO","SAN MATEO","SAN PEDRO","SAN RAFAEL","SAN RAMON","SAN YSIDRO","SAND CITY","SANDSTON","SANDWICH","SANDY","SANFORD","SANGER","SANIBEL","SANTA ANA","SANTA BARBARA","SANTA CLARA","SANTA CLARITA","SANTA CRUZ","SANTA FE","SANTA FE SPRINGS","SANTA MARIA","SANTA MONICA","SANTA PAULA","SANTA ROSA","SANTEE","SANTIAGO DE QUERETARO","SARASOTA","SARATOGA","SARATOGA SPRINGS","SAUGUS","SAUSALITO","SAVANNAH","SCARBOROUGH","SCARSDALE","SCHAUMBURG","SCHENECTADY","SCHERTZ","SCHOHARIE","SCITUATE","SCOTCH PLAINS","SCOTIA","SCOTTS VALLEY","SCOTTSDALE","SCRANTON","SEA BRIGHT","SEA GIRT","SEA ISLE CITY","SEABROOK","SEAFORD","SEAL BEACH","SEASIDE","SEASIDE HEIGHTS","SEAT PLEASANT","SEATAC","SEATTLE","SEBASTIAN","SEBASTOPOL","SEBRING","SECAUCUS","SEDONA","SEDRO WOOLLEY","SEEKONK","SEFFNER","SEGUIN","SELDEN","SELMA","SEMINOLE","SENECA","SEVERNA PARK","SEWELL","SEWICKLEY","SHAFTER","SHALLOTTE","SHARON","SHARONVILLE","SHAWNEE MISSION","SHELBY TOWNSHIP","SHELTON","SHERMAN","SHERMAN OAKS","SHERWOOD","SHIP BOTTOM","SHIRLEY","SHORELINE","SHOREWOOD","SHORT HILLS","SHREVEPORT","SHREWSBURY","SIERRA MADRE","SIERRA VISTA","SIGNAL HILL","SIGNAL MOUNTAIN","SILVER SPRING","SILVERDALE","SIMI VALLEY","SIMPSONVILLE","SIMSBURY","SIOUX FALLS","SKOKIE","SLIDELL","SMITHFIELD","SMITHTOWN","SMYRNA","SNELLVILLE","SNOHOMISH","SNOQUALMIE","SOLANA BEACH","SOLOMONS","SOLON","SOLVANG","SOMERS POINT","SOMERSET","SOMERVILLE","SONOMA","SONORA","SOUTH AMBOY","SOUTH BARRINGTON","SOUTH BEND","SOUTH BERWICK","SOUTH BOSTON","SOUTH DENNIS","SOUTH EL MONTE","SOUTH ELGIN","SOUTH FARMINGDALE","SOUTH GATE","SOUTH HADLEY","SOUTH HAMILTON","SOUTH HEMPSTEAD","SOUTH HOUSTON","SOUTH JORDAN","SOUTH LAKE TAHOE","SOUTH ORANGE","SOUTH PASADENA","SOUTH PLAINFIELD","SOUTH PORTLAND","SOUTH SAN FRANCISCO","SOUTH WINDSOR","SOUTH YARMOUTH","SOUTHAMPTON","SOUTHBOROUGH","SOUTHBURY","SOUTHERN PINES","SOUTHFIELD","SOUTHGATE","SOUTHINGTON","SOUTHLAKE","SOUTHOLD","SOUTHPORT","SOUTHWICK","SPARKS","SPARTA","SPARTANBURG","SPOKANE","SPOKANE VALLEY","SPOTSWOOD","SPOTSYLVANIA","SPRING","SPRING HILL","SPRING LAKE","SPRING VALLEY","SPRINGDALE","SPRINGFIELD","SPRINGFIELD GARDENS","ST THOMAS","STAFFORD","STAMFORD","STANFORD","STANTON","STANWOOD","STATE COLLEGE","STATE UNIVERSITY","STATEN ISLAND","STATESBORO","STATESVILLE","STERLING","STERLING HEIGHTS","STEVENSVILLE","STILLWATER","STIRLING","STOCKBRIDGE","STOCKTON","STONE HARBOR","STONE MOUNTAIN","STONE PARK","STONEHAM","STONINGTON","STORRS","STOUGHTON","STOW","STRATFORD","STREAMWOOD","STRONGSVILLE","STUART","STUDIO CITY","STURBRIDGE","SUCCASUNNA","SUDBURY","SUFFOLK","SUGAR LAND","SUISUN CITY","SUITLAND","SULTAN","SUMMERVILLE","SUMMIT","SUMNER","SUMTER","SUN CITY","SUN CITY CENTER","SUN LAKES","SUN VALLEY","SUNLAND","SUNNYSIDE","SUNNYVALE","SUNRISE","SUNSET BEACH","SURF CITY","SURFSIDE BEACH","SURPRISE","SUTTON","SUWANEE","SWAMPSCOTT","SWANNANOA","SWANSBORO","SWANSEA","SWEDESBORO","SYLMAR","SYOSSET","SYRACUSE","TACOMA","TAFT","TAHLEQUAH","TAHOE CITY","TAKOMA PARK","TALLAHASSEE","TAMARAC","TAMPA","TARPON SPRINGS","TARRYTOWN","TARZANA","TAUNTON","TAVARES","TAVERNIER","TAYLOR","TAYLORSVILLE","TBD","TEANECK","TEMECULA","TEMPE","TEMPLE","TEMPLE CITY","TEMPLE HILLS","TEMPLE TERRACE","TENAFLY","TEQUESTA","TERRE HAUTE","TETERBORO","TEWKSBURY","TEXAS CITY","THE COLONY","THE VILLAGES","THE WOODLANDS","THOMASVILLE","THORNTON","THOUSAND OAKS","THURMONT","TIGARD","TINLEY PARK","TITUSVILLE","TOLEDO","TOMBALL","TOMS RIVER","TONAWANDA","TOPEKA","TOPPENISH","TOPSFIELD","TOPSHAM","TORRANCE","TORRINGTON","TOWSON","TRACY","TRAVERSE CITY","TRENTON","TREVOSE","TRINITY","TROPHY CLUB","TROY","TRUCKEE","TRUMBULL","TSUEN WAN","TUALATIN","TUBA CITY","TUCKER","TUCSON","TUKWILA","TULARE","TULSA","TUPELO","TURLOCK","TUSCALOOSA","TUSTIN","TYLER","TYNGSBORO","UKIAH","UMATILLA","UNION","UNION BEACH","UNION CITY","UNION GAP","UNIONDALE","UNIVERSAL CITY","UNIVERSITY CITY","UNIVERSITY PLACE","UPLAND","UPPER ARLINGTON","UPPER DARBY","UPPER MARLBORO","UPPER MONTCLAIR","UPPER SAINT CLAIR","UPTON","URBANA","UTICA","UXBRIDGE","VACAVILLE","VAILS GATE","VALDOSTA","VALENCIA","VALLEJO","VALLEY SPRINGS","VALRICO","VAN NUYS","VASHON ISLAND","VAUXHALL","VENICE","VENTNOR","VENTURA","VERNON","VERNON HILLS","VERO BEACH","VERPLANCK","VICTOR","VICTORIA","VICTORVILLE","VIENNA","VILLA PARK","VILLA RICA","VINELAND","VIRGINIA BEACH","VISALIA","VISTA","VOORHEES","WABAN","WACO","WAKE FOREST","WAKEFIELD","WALDORF","WALDWICK","WALL TOWNSHIP","WALLED LAKE","WALLINGFORD","WALNUT","WALNUT CREEK","WALNUT PARK","WALPOLE","WALTHAM","WANTAGH","WAPPINGERS FALLS","WAREHAM","WARMINSTER","WARNER ROBINS","WARREN","WARRENVILLE","WARRINGTON","WARWICK","WASCO","WASHINGTON","WASHINGTON COURT HOUSE","WASHINGTONVILLE","WATAUGA","WATCHUNG","WATERBURY","WATERFORD","WATERTOWN","WATKINSVILLE","WATSONVILLE","WAUKEGAN","WAUKESHA","WAXAHACHIE","WAXHAW","WAYLAND","WAYNE","WAYZATA","WEBSTER","WEEHAWKEN","WEEKI WACHEE","WELLESLEY","WELLESLEY HILLS","WELLINGTON","WELLS","WELWYN GARDEN CITY","WENTZVILLE","WESLEY CHAPEL","WEST BABYLON","WEST BLOOMFIELD","WEST BOYLSTON","WEST CALDWELL","WEST CHESTER","WEST COLUMBIA","WEST COVINA","WEST DES MOINES","WEST DUNDEE","WEST HARTFORD","WEST HAVEN","WEST HEMPSTEAD","WEST HILLS","WEST HOLLYWOOD","WEST ISLIP","WEST JORDAN","WEST LINN","WEST LOS ANGELES","WEST MELBOURNE","WEST NEW YORK","WEST NORRITON","WEST NYACK","WEST ORANGE","WEST PALM BEACH","WEST POINT","WEST SACRAMENTO","WEST SAINT PAUL","WEST SENECA","WEST SPRINGFIELD","WEST VALLEY CITY","WEST WARWICK","WESTBOROUGH","WESTBROOK","WESTBURY","WESTERLY","WESTERVILLE","WESTFIELD","WESTFORD","WESTLAKE","WESTLAKE VILLAGE","WESTLAND","WESTMINSTER","WESTMONT","WESTON","WESTPORT","WESTWOOD","WETHERSFIELD","WEXFORD","WEYMOUTH","WHATELY","WHEAT RIDGE","WHEATLAND","WHEATON","WHITE LAKE","WHITE PLAINS","WHITEFISH","WHITEHALL","WHITEHOUSE STATION","WHITESTOWN","WHITSETT","WHITTIER","WICHITA","WICHITA FALLS","WICKENBURG","WILBRAHAM","WILDWOOD","WILKES BARRE","WILKESBORO","WILLIAMSBURG","WILLIAMSPORT","WILLIAMSTOWN","WILLIAMSVILLE","WILLIMANTIC","WILLINGBORO","WILLISTON PARK","WILLOWBROOK","WILMETTE","WILMINGTON","WILSON","WILSONVILLE","WILTON","WINCHESTER","WINDER","WINDERMERE","WINDHAM","WINDOW ROCK","WINDSOR","WINNETKA","WINSTED","WINSTON SALEM","WINTER GARDEN","WINTER HAVEN","WINTER PARK","WINTER SPRINGS","WINTERS","WINTERVILLE","WINTHROP","WOBURN","WOOD VILLAGE","WOODBRIDGE","WOODBURN","WOODBURY","WOODCLIFF LAKE","WOODHAVEN","WOODINVILLE","WOODLAND","WOODLAND HILLS","WOODMERE","WOODSTOCK","WOONSOCKET","WORCESTER","WORTHINGTON","WRENTHAM","WYANDOTTE","WYCKOFF","WYLIE","WYNNEWOOD","WYOMING","WYOMISSING"),"UNITED STATES",in(city,"MONTEVIDEO"),"URUGUAY",true(),"TBD"), region=case(in(country,"ARGENTINA","BRAZIL","CANADA","CHILE","CAYMAN ISLANDS","COLOMBIA","COSTA RICA","MEXICO","PERU","UNITED STATES","URUGUAY"),"AMRS",in(country,"BAHRAIN","BELGIUM","FRANCE","GERMANY","GREECE","IRELAND","ISRAEL","ITALY","NETHERLANDS","POLAND","QATAR","RUSSIAN FEDERATION","SAUDI ARABIA","TURKEY","UNITED ARAB EMIRATES","UNITED KINGDOM","SOUTH AFRICA","SPAIN","SWEDEN","SWITZERLAND"),"EMEA",in(country,"AUSTRALIA","CHINA","INDIA","INDONESIA","JAPAN","KOREA (SOUTH)","MALAYSIA","PHILIPPINES","TAIWAN","SINGAPORE","THAILAND"),"APAC",true(),"TBD"), vendor=case(match(upper(vendor),"ADTRAN"),"ADTRAN",match(upper(vendor),"ALCATEL"),"ALCATEL",match(upper(vendor),"ARBOR NETWORKS"),"ARBOR",match(upper(vendor),"ARISTA"),"ARISTA",match(upper(vendor),"ARUBA"),"ARUBA",match(upper(vendor),"ASPECT"),"ASPECT",match(upper(vendor),"AT&T"),"AT&T",match(upper(vendor),"AUDIOCODES"),"AUDIOCODES",match(upper(vendor),"AVAYA"),"AVAYA",match(upper(vendor),"AVI"),"AVI",match(upper(vendor),"AVOCENT"),"AVOCENT",match(upper(vendor),"BANK OF AMERICA"),"BOFA",match(upper(vendor),"BLADE NETWORK"),"BLADENETWORK",match(upper(vendor),"BLUE COAT"),"BLUECOAT",match(upper(vendor),"BLUECAT"),"BLUECAT",match(upper(vendor),"BRIGHTSIGN"),"BRIGHTSIGN",match(upper(vendor),"BROCADE"),"BROCADE",match(upper(vendor),"CANVYS"),"CANVYS",match(upper(vendor),"CHECKPOINT"),"CHECKPOINT",match(upper(vendor),"CIENA"),"CIENA",match(upper(vendor),"CISCO"),"CISCO",match(upper(vendor),"CITRIX"),"CITRIX",match(upper(vendor),"CLOUDGENIX"),"PALOALTO",match(upper(vendor),"COMPUNETIX"),"COMPUNETIX",match(upper(vendor),"CORVIL NETWORKS"),"CORVIL",match(upper(vendor),"CROSSBEAM"),"CROSSBEAM",match(upper(vendor),"CYBERIQ SYSTEMS"),"CYBERIQ",match(upper(vendor),"CYCLADES"),"CYCLADES",match(upper(vendor),"DELL"),"DELL",match(upper(vendor),"EXABLAZE"),"EXABLAZE",match(upper(vendor),"F5"),"F5",match(upper(vendor),"FIRE EYE"),"FIREEYE",match(upper(vendor),"FIREMON"),"FIREMON",match(upper(vendor),"FORTINET"),"FORTINET",match(upper(vendor),"FRONTIER"),"FRONTIER",match(upper(vendor),"FUTUREX"),"FUTUREX",match(upper(vendor),"GEMALTO"),"GEMALTO",match(upper(vendor),"GIGAMON"),"GIGAMON",match(upper(vendor),"GUARDENT"),"GUARDENT",match(upper(vendor),"HEWLETT PACKARD"),"HEWLETTPACKARD",match(upper(vendor),"IBM"),"IBM",match(upper(vendor),"INFOBLOX"),"INFOBLOX",match(upper(vendor),"INFOEXPRESS"),"INFOEXPRESS",match(upper(vendor),"INFOSEC"),"INFOSEC",match(upper(vendor),"INFOSYS"),"INFOSYS",match(upper(vendor),"INTERNATIONAL NETWORK SERVICES"),"INTERNATIONALNETWORK",match(upper(vendor),"IPC"),"IPC",match(upper(vendor),"IXIA"),"IXIA",match(upper(vendor),"JUNIPER"),"JUNIPER",match(upper(vendor),"LANTRONIX"),"LANTRONIX",match(upper(vendor),"LUCENT"),"LUCENT",match(upper(vendor),"MCAFEE"),"MCAFEE",match(upper(vendor),"MICROSEMI CORPORATION"),"MICROSEMI",match(upper(vendor),"NETAPP"),"NETAPP",match(upper(vendor),"NETSCOUT"),"NETSCOUT",match(upper(vendor),"NETSCREEN"),"NETSCREEN",match(upper(vendor),"NETSKOPE"),"NETSKOPE",match(upper(vendor),"NOKIA"),"NOKIA",match(upper(vendor),"NORTEL"),"NORTEL",match(upper(vendor),"NOVIFLOW"),"NOVIFLOW",match(upper(vendor),"POLYCOM"),"POLYCOM",match(upper(vendor),"PROVISION"),"PROVISION",match(upper(vendor),"QLOGIC"),"QLOGIC",match(upper(vendor),"RACAL-DATACOM"),"RACALDATACOM",match(upper(vendor),"RADWARE"),"RADWARE",match(upper(vendor),"RIBBON COMMUNICATIONS"),"RIBBONCOMMUNICATIONS",match(upper(vendor),"RMG NETWORKS"),"RMGNETWORKS",match(upper(vendor),"SAFENET"),"SAFENET",match(upper(vendor),"SKYBOX SECURITY"),"SKYBOXSECURITY",match(upper(vendor),"SONUS"),"SONUS",match(upper(vendor),"STRATACOM"),"STRATACOM",match(upper(vendor),"SUN MICROSYSTEMS"),"SUNMICROSYSTEMS",match(upper(vendor),"SYMANTEC"),"BLUECOAT",match(upper(vendor),"SYNOPTICS"),"SYNOPTICS",match(upper(vendor),"THALES E-SECURITY"),"THALESESECURITY",match(upper(vendor),"TIPPINGPOINT"),"TIPPINGPOINT",match(upper(vendor),"TREND MICRO"),"TRENDMICRO",match(upper(vendor),"UTIMACO"),"UTIMACO",match(upper(vendor),"VALERE"),"VALERE",match(upper(vendor),"VIDYO"),"VIDYO",match(upper(vendor),"VORMETRICS"),"VORMETRICS",match(upper(vendor),"WTI"),"WTI",true(),"TBD")
| search (NOT vendor="BLUECOAT" OR (NOT entity_name="0216320188" NOT entity_name="033004s05727" NOT entity_name="0612244016" NOT entity_name="1615320002" NOT entity_name="1912241042" NOT entity_name="217320168bac-3105146" NOT entity_name="2411140035" NOT entity_name="2411140047" NOT entity_name="2619330001" NOT entity_name="3718320035" NOT entity_name="3718320036" NOT entity_name="3718320038" NOT entity_name="3718320040" NOT entity_name="3818320088" NOT entity_name="4518330037" NOT entity_name="4618320008" NOT entity_name="4618320009" NOT entity_name="4715320168"))
| eval length=len(host), device_code=substr(host,12,3), device_code=if(((vendor == "F5") AND match(lower(substr(host,11,2)),"^lb$")),"LTM",device_code), device_code=if(((vendor == "F5") AND match(lower(substr(host,11,2)),"^gb$")),"GTM",device_code), device_code=if((((vendor == "F5") AND match(lower(entity_name),"vcmp")) AND (true() XOR match(lower(substr(host,12,3)),"(ltm
| gtm)"))),"LBV",device_code), device_code=if((((vendor == "F5") AND match(lower(entity_name),"(f5
| bigip
| loadbalancer)")) AND (true() XOR match(lower(substr(host,12,3)),"(ltm
| gtm
| lbv)"))),"LBU",device_code), device_code=if(((vendor == "F5") AND (true() XOR match(lower(device_code),"(ltm
| gtm
| lbv
| lbu)"))),"LBU",upper(device_code)), device_capability=if(match(upper(vendor),"BLUECOAT"),"proxy",device_capability), device_category=if(match(upper(vendor),"BLUECOAT"),"proxy",device_category), device_item=if(match(upper(vendor),"BLUECOAT"),"proxy",device_item), device_tier=if(match(upper(vendor),"BLUECOAT"),"proxy",device_tier), vendor_product=if((match(upper(vendor),"BLUECOAT") AND match(substr(vendor_product,0,4),"^(SG S
| SG-S)")),("ProxySG-" . substr(vendor_product,5)),vendor_product), vendor_product=if((match(upper(vendor),"BLUECOAT") AND match(substr(vendor_product,0,3),"^SG-")),("ProxySG-" . substr(vendor_product,4)),vendor_product), vendor_product=if((match(upper(vendor),"BLUECOAT") AND match(substr(vendor_product,0,2),"^SG")),("ProxySG-" . substr(vendor_product,3)),vendor_product), vendor_product=if((match(upper(vendor),"BLUECOAT") AND match(substr(vendor_product,0,1),"^S")),("ProxySG-" . substr(vendor_product,2)),vendor_product), vendor_product=if((match(upper(vendor),"BLUECOAT") AND match(vendor_product,"^ProxySG-
    [ 2459]00")),("ProxySG-" . substr(vendor_product,9,3)),vendor_product)
| rex field=device_category mode=sed "s/telecommunication.*/telecom/g"
| rex field=device_item mode=sed "s/(transport backbone
| transmission
| multiplexer
| circuit
| emulator
| hub)/transport/g"
| rex field=device_item mode=sed "s/analog gateway/gateway_analog/g"
| rex field=device_item mode=sed "s/load balancer/loadbalancer/g"
| rex field=device_item mode=sed "s/management.*/management/g"
| rex field=device_item mode=sed "s/network monitoring/monitoring/g"
| rex field=device_item mode=sed "s/out of band device.*/OBM/g"
| rex field=device_item mode=sed "s/proprietary media gateway/gateway_media/g"
| rex field=device_item mode=sed "s/voice gateway/gateway_voice/g"
| rex field=device_item mode=sed "s/voice switch.*/voice switch/g"
| rex field=device_item mode=sed "s/voice switch/switch_voice/g"
| rex field=device_item mode=sed "s/vpn.*/vpn/g"
| rex field=device_item mode=sed "s/wide area application service/wan_service/g"
| rex field=device_item mode=sed "s/wireless access point/wap/g"
| rex field=device_item mode=sed "s/wireless lan controller/wlan/g"
| rex field=device_tier mode=sed "s/(load balancer
| loadbalancer)/loadbalancer/g"
| rex field=device_tier mode=sed "s/(transport backbone
| transmission
| multiplexer
| circuit
| emulator
| hub)/transport/g"
| rex field=device_tier mode=sed "s/analog gateway/gateway_analog/g"
| rex field=device_tier mode=sed "s/management.*/management/g"
| rex field=device_tier mode=sed "s/network monitoring/monitoring/g"
| rex field=device_tier mode=sed "s/out of band device.*/OBM/g"
| rex field=device_tier mode=sed "s/proprietary media gateway/gateway_media/g"
| rex field=device_tier mode=sed "s/voice gateway/gateway_voice/g"
| rex field=device_tier mode=sed "s/voice switch.*/voice switch/g"
| rex field=device_tier mode=sed "s/voice switch/switch_voice/g"
| rex field=device_tier mode=sed "s/vpn.*/vpn/g"
| rex field=device_tier mode=sed "s/wide area application service/wan_service/g"
| rex field=device_tier mode=sed "s/wireless access point/wap/g"
| rex field=device_tier mode=sed "s/wireless lan controller/wlan/g"
| rex field=location mode=sed "s/^(
    [ A-Z0-9]{3}-
    [ A-Z0-9]{3}).*/\\1/g"
| eval location=if((match(upper(location),"^IN2M") AND (building == "RELIANCE COLO")),"742-W03",location), location=if((match(upper(location),"^IN8M") AND (building == "BKC COLO")),"741-W18",location), location=if((match(upper(location),"^IN3M") AND (building == "TATA CHENNAI")),"742-W04",location), state_new=case(((state == "TBD") AND (city == "AUSTIN")),"TX",((state == "TBD") AND (city == "RICHARDSON")),"TX",((state == "TBD") AND (city == "ATLANTA")),"GA",((state == "TBD") AND (city == "CHICAGO")),"IL",((state == "TBD") AND (city == "DELRAY BEACH")),"FL",((state == "TBD") AND (city == "GRAND RAPIDS")),"MI",((state == "TBD") AND (city == "GUAYNABO")),"PR",((state == "TBD") AND (city == "HOLLY SPRINGS")),"NC",((state == "TBD") AND (city == "CHARLOTTE")),"NC",((state == "TBD") AND (city == "HOUSTON")),"TX",((state == "TBD") AND (city == "LAYTON")),"UT",((state == "TBD") AND (city == "LOVELAND")),"CO",((state == "TBD") AND (city == "MANVEL")),"TX",((state == "TBD") AND (city == "MCMURRAY")),"PA",((state == "TBD") AND (city == "MIAMI")),"FL",((state == "TBD") AND (city == "NEW CANEY")),"TX",((state == "TBD") AND (city == "PHOENIX")),"AZ",((state == "TBD") AND (city == "PITTSBURGH")),"PA",((state == "TBD") AND (city == "SANTA MONICA")),"CA",((state == "TBD") AND (city == "SEATTLE")),"WA",((state == "TBD") AND (city == "WHITESTOWN")),"IN",((state == "TBD") AND (city == "WINDERMERE")),"FL",true(),state), role=case(((((((((((((vendor == "CHECKPOINT") OR (vendor == "FORTINET")) OR (vendor == "JUNIPER")) OR (vendor == "FIREMON")) OR (vendor == "NOKIA")) OR (vendor == "TIPPINGPOINT")) OR (vendor == "CROSSBEAM")) OR (vendor == "IBM")) OR (vendor == "CISCO")) OR (vendor == "GUARDENT")) OR (vendor == "NETSCREEN")) AND (device_item == "firewall")),"Firewall",(((vendor == "JUNIPER") OR (vendor == "CISCO")) AND (device_item == "vpn")),"VPN",(((((vendor == "WTI") OR (vendor == "LANTRONIX")) OR (vendor == "CYCLADES")) OR (vendor == "AVOCENT")) AND (device_item == "OBM")),"Out Of Band",(((((vendor == "ARUBA") OR (vendor == "CISCO")) OR (vendor == "HEWLETTPACKARD")) OR (vendor == "FORTINET")) AND (device_item == "wap")),"WAP",((((vendor == "ARUBA") OR (vendor == "CISCO")) OR (vendor == "HEWLETTPACKARD")) AND (device_item == "wlan")),"WLAN Controller",(((((((vendor == "AT&T") OR (vendor == "POLYCOM")) OR (vendor == "LUCENT")) OR (vendor == "NORTEL")) OR (vendor == "AVAYA")) OR (vendor == "CISCO")) AND (device_item == "ip phone")),"VoIP Phone",((vendor == "AUDIOCODES") AND (vendor_product == "AUDIOCODES MEDIANT 1000B")),"AudioCodes Session",((vendor == "BLUECOAT") OR (vendor == "SYMANTEC")),"Proxy",((vendor == "CISCO") AND match(upper(vendor_product),"^C819G-LTE-MNA-K9")),"Cisco ATM Router",((vendor == "CISCO") AND (device_item == "gateway_analog")),"Analog Voice Gateway",((vendor == "CISCO") AND match(upper(vendor_product),"^ASR")),"Cisco ASR",((vendor == "CISCO") AND match(upper(vendor_product),"^CATALYST")),"CISCO Catalyst",((vendor == "CISCO") AND match(upper(vendor_product),"^N3K")),"Cisco N3K",((vendor == "CISCO") AND match(upper(vendor_product),"^N5K")),"Cisco N5K",((vendor == "CISCO") AND match(upper(vendor_product),"^N7K")),"Cisco N7K",((vendor == "CISCO") AND match(upper(vendor_product),"^N9K")),"Cisco N9K",((vendor == "CISCO") AND match(upper(vendor_product),"^NEXUS")),"Cisco Nexus",((vendor == "CISCO") AND match(upper(vendor_product),"^WS-C")),"Cisco WS-C",((vendor == "CISCO") AND match(upper(vendor_product),"^WS-G")),"Cisco WS-G",((vendor == "CISCO") AND match(upper(vendor_product),"^WS-X")),"Cisco WS-G",((vendor == "CISCO") AND match(upper(vendor_product),"^ASA")),"Cisco ASA",((vendor == "CISCO") AND match(upper(vendor_product),"^ISE")),"Cisco ISE",((vendor == "CISCO") AND match(upper(vendor_product),"^STEALTHWATCH")),"Cisco StealthWatch",((vendor == "CISCO") AND (vendor_product == "NETWORK CONVERGENCE SYSTEM 2000")),"Cisco NCS",((vendor == "CISCO") AND (device_item == "router")),"Cisco Router",((vendor == "CISCO") AND (device_item == "switch")),"Cisco Switch",((vendor == "F5") OR (vendor == "AVI")),"Loadbalancer",((vendor == "FIREEYE") AND (device_item == "malware protection")),"Malware Protection",((vendor == "HEWLETTPACKARD") AND (device_capability == "sanswitch")),"SAN Switch",((vendor == "IBM") AND match(upper(vendor_product),"^DATAPOWER")),"IBM DataPower",((vendor == "RADWARE") AND (device_item == "malware mitigation")),"Malware Mitigation",((vendor == "TIPPINGPOINT") OR (vendor == "TRENDMICRO")),"IDS",(vendor == "ARISTA"),"Arista DCS",((vendor == "ARUBA") AND (((vendor_product == "6300M") OR (vendor_product == "6405")) OR (vendor_product == "8325"))),"Aruba CX SWITCH",((vendor == "ARUBA") AND ((vendor_product == "CP-HW-25K") OR (vendor_product == "CP-HWDL360-25K"))),"ClearPASS",((vendor == "ARUBA") AND (vendor_product == "AW-HW630-ENT")),"Aruba AirWave Appliances",((vendor == "AVAYA") AND ((((device_item == "switch_voice") OR (device_item == "switch")) OR (device_item == "management")) OR (device_item == "server"))),"Voice Switch",((vendor == "BLUECAT") AND (device_tier == "ddi")),"DDI",(vendor == "GIGAMON"),"Monitoring GigaMon",(vendor == "IPC"),"Trading System",(vendor == "NETSCOUT"),"Monitoring NetScout",(vendor == "PALOALTO"),"Branch SD-WAN",true(),"TBD"), role=if((role == "TBD"),(vendor . " ETC"),role), region=if(((city == "AMERICAN FORK") AND (region == "TBD")),"AMRS",region), country=if(((city == "AMERICAN FORK") AND (country == "TBD")),"UNITED STATES",country), building=if(((city == "TBD") AND match(upper(host),"^USVASDNTB02CSR001(B
| R)")),"VA ANH",building), property=if(((city == "TBD") AND match(upper(host),"^USVASDNTB02CSR001(B
| R)")),"DATA CENTER",property), location=if(((city == "TBD") AND match(upper(host),"^USVASDNTB02CSR001(B
| R)")),"VAW-401",location), state=if(((city == "TBD") AND match(upper(host),"^USVASDNTB02CSR001(B
| R)")),"VA",state), city=if(((city == "TBD") AND match(upper(host),"^USVASDNTB02CSR001(B
| R)")),"Richmond",city), country=if((city == "WELWYN GARDEN CITY"),"UNITED KINGDOM",country), device_code=if((true() XOR match(device_code,"
    [ A-Z]{3}")),"TBD",device_code)
| rename state_new as state, role as entity_type | search vendor="PALOALTO" AND vendor_product="ION 3000" | eval CI_NAME=upper(entity_name) | table CI_NAME | outputlookup cloudgenix_ion3k_lookup.csv
"""